Time (s),Altitude (m),Velocity (m/s),Mass (kg),Fuel (%)
0.00,-0.06,-0.58,29995.63,99.98
0.10,-0.17,-1.16,29991.26,99.96
0.20,-0.35,-1.75,29986.89,99.93
0.30,-0.58,-2.33,29982.52,99.91
0.40,-0.87,-2.91,29978.15,99.89
0.50,-1.22,-3.49,29973.78,99.87
0.60,-1.63,-4.07,29969.41,99.85
0.70,-2.09,-4.65,29965.04,99.83
0.80,-2.62,-5.24,29960.67,99.80
0.90,-3.20,-5.82,29956.30,99.78
1.00,-3.84,-6.40,29951.93,99.76
1.10,-4.54,-6.98,29947.56,99.74
1.20,-5.29,-7.56,29943.19,99.72
1.30,-6.11,-8.14,29938.82,99.69
1.40,-6.98,-8.72,29934.45,99.67
1.50,-7.91,-9.30,29930.08,99.65
1.60,-8.90,-9.89,29925.71,99.63
1.70,-9.95,-10.47,29921.34,99.61
1.80,-11.05,-11.05,29916.97,99.58
1.90,-12.21,-11.63,29912.60,99.56
2.00,-13.44,-12.21,29908.23,99.54
2.10,-14.71,-12.79,29903.86,99.52
2.20,-16.05,-13.37,29899.49,99.50
2.30,-17.45,-13.95,29895.11,99.48
2.40,-18.90,-14.53,29890.74,99.45
2.50,-20.41,-15.11,29886.37,99.43
2.60,-21.98,-15.69,29882.00,99.41
2.70,-23.61,-16.27,29877.63,99.39
2.80,-25.29,-16.85,29873.26,99.37
2.90,-27.04,-17.43,29868.89,99.34
3.00,-28.84,-18.01,29864.52,99.32
3.10,-30.70,-18.60,29860.15,99.30
3.20,-32.62,-19.18,29855.78,99.28
3.30,-34.59,-19.76,29851.41,99.26
3.40,-36.62,-20.34,29847.04,99.24
3.50,-38.72,-20.92,29842.67,99.21
3.60,-40.87,-21.50,29838.30,99.19
3.70,-43.07,-22.07,29833.93,99.17
3.80,-45.34,-22.65,29829.56,99.15
3.90,-47.66,-23.23,29825.19,99.13
4.00,-50.04,-23.81,29820.82,99.10
4.10,-52.48,-24.39,29816.45,99.08
4.20,-54.98,-24.97,29812.08,99.06
4.30,-57.54,-25.55,29807.71,99.04
4.40,-60.15,-26.13,29803.34,99.02
4.50,-62.82,-26.71,29798.97,98.99
4.60,-65.55,-27.29,29794.60,98.97
4.70,-68.34,-27.87,29790.23,98.95
4.80,-71.18,-28.45,29785.86,98.93
4.90,-74.08,-29.03,29781.49,98.91
5.00,-77.04,-29.61,29777.12,98.89
5.10,-80.06,-30.19,29772.75,98.86
5.20,-83.14,-30.77,29768.38,98.84
5.30,-86.27,-31.34,29764.01,98.82
5.40,-89.47,-31.92,29759.64,98.80
5.50,-92.72,-32.50,29755.27,98.78
5.60,-96.02,-33.08,29750.90,98.75
5.70,-99.39,-33.66,29746.53,98.73
5.80,-102.81,-34.24,29742.16,98.71
5.90,-106.30,-34.82,29737.79,98.69
6.00,-109.84,-35.40,29733.42,98.67
6.10,-113.43,-35.97,29729.05,98.65
6.20,-117.09,-36.55,29724.68,98.62
6.30,-120.80,-37.13,29720.31,98.60
6.40,-124.57,-37.71,29715.94,98.58
6.50,-128.40,-38.29,29711.57,98.56
6.60,-132.29,-38.87,29707.20,98.54
6.70,-136.23,-39.44,29702.83,98.51
6.80,-140.23,-40.02,29698.46,98.49
6.90,-144.29,-40.60,29694.09,98.47
7.00,-148.41,-41.18,29689.71,98.45
7.10,-152.59,-41.75,29685.34,98.43
7.20,-156.82,-42.33,29680.97,98.40
7.30,-161.11,-42.91,29676.60,98.38
7.40,-165.46,-43.49,29672.23,98.36
7.50,-169.87,-44.07,29667.86,98.34
7.60,-174.33,-44.64,29663.49,98.32
7.70,-178.85,-45.22,29659.12,98.30
7.80,-183.43,-45.80,29654.75,98.27
7.90,-188.07,-46.38,29650.38,98.25
8.00,-192.77,-46.95,29646.01,98.23
8.10,-197.52,-47.53,29641.64,98.21
8.20,-202.33,-48.11,29637.27,98.19
8.30,-207.20,-48.68,29632.90,98.16
8.40,-212.12,-49.26,29628.53,98.14
8.50,-217.11,-49.84,29624.16,98.12
8.60,-222.15,-50.42,29619.79,98.10
8.70,-227.25,-50.99,29615.42,98.08
8.80,-232.41,-51.57,29611.05,98.06
8.90,-237.62,-52.15,29606.68,98.03
9.00,-242.89,-52.72,29602.31,98.01
9.10,-248.22,-53.30,29597.94,97.99
9.20,-253.61,-53.88,29593.57,97.97
9.30,-259.06,-54.45,29589.20,97.95
9.40,-264.56,-55.03,29584.83,97.92
9.50,-270.12,-55.61,29580.46,97.90
9.60,-275.74,-56.18,29576.09,97.88
9.70,-281.41,-56.76,29571.72,97.86
9.80,-287.15,-57.34,29567.35,97.84
9.90,-292.94,-57.91,29562.98,97.81
10.00,-298.79,-58.49,29558.61,97.79
10.10,-304.69,-59.06,29554.24,97.77
10.20,-310.66,-59.64,29549.87,97.75
10.30,-316.68,-60.22,29545.50,97.73
10.40,-322.76,-60.79,29541.13,97.71
10.50,-328.89,-61.37,29536.76,97.68
10.60,-335.09,-61.94,29532.39,97.66
10.70,-341.34,-62.52,29528.02,97.64
10.80,-347.65,-63.09,29523.65,97.62
10.90,-354.02,-63.67,29519.28,97.60
11.00,-360.44,-64.25,29514.91,97.57
11.10,-366.92,-64.82,29510.54,97.55
11.20,-373.46,-65.40,29506.17,97.53
11.30,-380.06,-65.97,29501.80,97.51
11.40,-386.72,-66.55,29497.43,97.49
11.50,-393.43,-67.12,29493.06,97.47
11.60,-400.20,-67.70,29488.69,97.44
11.70,-407.03,-68.27,29484.31,97.42
11.80,-413.91,-68.85,29479.94,97.40
11.90,-420.85,-69.42,29475.57,97.38
12.00,-427.85,-70.00,29471.20,97.36
12.10,-434.91,-70.57,29466.83,97.33
12.20,-442.03,-71.15,29462.46,97.31
12.30,-449.20,-71.72,29458.09,97.29
12.40,-456.43,-72.30,29453.72,97.27
12.50,-463.71,-72.87,29449.35,97.25
12.60,-471.06,-73.45,29444.98,97.22
12.70,-478.46,-74.02,29440.61,97.20
12.80,-485.92,-74.60,29436.24,97.18
12.90,-493.44,-75.17,29431.87,97.16
13.00,-501.01,-75.75,29427.50,97.14
13.10,-508.65,-76.32,29423.13,97.12
13.20,-516.33,-76.89,29418.76,97.09
13.30,-524.08,-77.47,29414.39,97.07
13.40,-531.89,-78.04,29410.02,97.05
13.50,-539.75,-78.62,29405.65,97.03
13.60,-547.67,-79.19,29401.28,97.01
13.70,-555.64,-79.77,29396.91,96.98
13.80,-563.68,-80.34,29392.54,96.96
13.90,-571.77,-80.91,29388.17,96.94
14.00,-579.92,-81.49,29383.80,96.92
14.10,-588.12,-82.06,29379.43,96.90
14.20,-596.39,-82.63,29375.06,96.88
14.30,-604.71,-83.21,29370.69,96.85
14.40,-613.09,-83.78,29366.32,96.83
14.50,-621.52,-84.36,29361.95,96.81
14.60,-630.01,-84.93,29357.58,96.79
14.70,-638.56,-85.50,29353.21,96.77
14.80,-647.17,-86.08,29348.84,96.74
14.90,-655.84,-86.65,29344.47,96.72
15.00,-664.56,-87.22,29340.10,96.70
15.10,-673.34,-87.80,29335.73,96.68
15.20,-682.18,-88.37,29331.36,96.66
15.30,-691.07,-88.94,29326.99,96.63
15.40,-700.02,-89.51,29322.62,96.61
15.50,-709.03,-90.09,29318.25,96.59
15.60,-718.10,-90.66,29313.88,96.57
15.70,-727.22,-91.23,29309.51,96.55
15.80,-736.40,-91.81,29305.14,96.53
15.90,-745.64,-92.38,29300.77,96.50
16.00,-754.93,-92.95,29296.40,96.48
16.10,-764.28,-93.52,29292.03,96.46
16.20,-773.69,-94.10,29287.66,96.44
16.30,-783.16,-94.67,29283.29,96.42
16.40,-792.69,-95.24,29278.91,96.39
16.50,-802.27,-95.81,29274.54,96.37
16.60,-811.91,-96.39,29270.17,96.35
16.70,-821.60,-96.96,29265.80,96.33
16.80,-831.35,-97.53,29261.43,96.31
16.90,-841.16,-98.10,29257.06,96.29
17.00,-851.03,-98.68,29252.69,96.26
17.10,-860.96,-99.25,29248.32,96.24
17.20,-870.94,-99.82,29243.95,96.22
17.30,-880.98,-100.39,29239.58,96.20
17.40,-891.07,-100.96,29235.21,96.18
17.50,-901.23,-101.53,29230.84,96.15
17.60,-911.44,-102.11,29226.47,96.13
17.70,-921.71,-102.68,29222.10,96.11
17.80,-932.03,-103.25,29217.73,96.09
17.90,-942.41,-103.82,29213.36,96.07
18.00,-952.85,-104.39,29208.99,96.04
18.10,-963.35,-104.96,29204.62,96.02
18.20,-973.90,-105.54,29200.25,96.00
18.30,-984.51,-106.11,29195.88,95.98
18.40,-995.18,-106.68,29191.51,95.96
18.50,-1005.91,-107.25,29187.14,95.94
18.60,-1016.69,-107.82,29182.77,95.91
18.70,-1027.53,-108.39,29178.40,95.89
18.80,-1038.42,-108.96,29174.03,95.87
18.90,-1049.38,-109.53,29169.66,95.85
19.00,-1060.39,-110.10,29165.29,95.83
19.10,-1071.46,-110.68,29160.92,95.80
19.20,-1082.58,-111.25,29156.55,95.78
19.30,-1093.76,-111.82,29152.18,95.76
19.40,-1105.00,-112.39,29147.81,95.74
19.50,-1116.30,-112.96,29143.44,95.72
19.60,-1127.65,-113.53,29139.07,95.70
19.70,-1139.06,-114.10,29134.70,95.67
19.80,-1150.53,-114.67,29130.33,95.65
19.90,-1162.05,-115.24,29125.96,95.63
20.00,-1173.63,-115.81,29121.59,95.61
20.10,-1185.27,-116.38,29117.22,95.59
20.20,-1196.97,-116.95,29112.85,95.56
20.30,-1208.72,-117.52,29108.48,95.54
20.40,-1220.53,-118.09,29104.11,95.52
20.50,-1232.39,-118.66,29099.74,95.50
20.60,-1244.32,-119.23,29095.37,95.48
20.70,-1256.30,-119.80,29091.00,95.45
20.80,-1268.33,-120.37,29086.63,95.43
20.90,-1280.43,-120.94,29082.26,95.41
21.00,-1292.58,-121.51,29077.89,95.39
21.10,-1304.79,-122.08,29073.51,95.37
21.20,-1317.05,-122.65,29069.14,95.35
21.30,-1329.37,-123.22,29064.77,95.32
21.40,-1341.75,-123.79,29060.40,95.30
21.50,-1354.19,-124.36,29056.03,95.28
21.60,-1366.68,-124.93,29051.66,95.26
21.70,-1379.23,-125.50,29047.29,95.24
21.80,-1391.84,-126.07,29042.92,95.21
21.90,-1404.50,-126.64,29038.55,95.19
22.00,-1417.22,-127.21,29034.18,95.17
22.10,-1430.00,-127.78,29029.81,95.15
22.20,-1442.83,-128.34,29025.44,95.13
22.30,-1455.73,-128.91,29021.07,95.11
22.40,-1468.67,-129.48,29016.70,95.08
22.50,-1481.68,-130.05,29012.33,95.06
22.60,-1494.74,-130.62,29007.96,95.04
22.70,-1507.86,-131.19,29003.59,95.02
22.80,-1521.04,-131.76,28999.22,95.00
22.90,-1534.27,-132.33,28994.85,94.97
23.00,-1547.56,-132.89,28990.48,94.95
23.10,-1560.90,-133.46,28986.11,94.93
23.20,-1574.31,-134.03,28981.74,94.91
23.30,-1587.77,-134.60,28977.37,94.89
23.40,-1601.28,-135.17,28973.00,94.87
23.50,-1614.86,-135.74,28968.63,94.84
23.60,-1628.49,-136.30,28964.26,94.82
23.70,-1642.18,-136.87,28959.89,94.80
23.80,-1655.92,-137.44,28955.52,94.78
23.90,-1669.72,-138.01,28951.15,94.76
24.00,-1683.58,-138.58,28946.78,94.73
24.10,-1697.49,-139.15,28942.41,94.71
24.20,-1711.46,-139.71,28938.04,94.69
24.30,-1725.49,-140.28,28933.67,94.67
24.40,-1739.58,-140.85,28929.30,94.65
24.50,-1753.72,-141.42,28924.93,94.62
24.60,-1767.92,-141.98,28920.56,94.60
24.70,-1782.17,-142.55,28916.19,94.58
24.80,-1796.48,-143.12,28911.82,94.56
24.90,-1810.85,-143.69,28907.45,94.54
25.00,-1825.28,-144.25,28903.08,94.52
25.10,-1839.76,-144.82,28898.71,94.49
25.20,-1854.30,-145.39,28894.34,94.47
25.30,-1868.90,-145.96,28889.97,94.45
25.40,-1883.55,-146.52,28885.60,94.43
25.50,-1898.26,-147.09,28881.23,94.41
25.60,-1913.02,-147.66,28876.86,94.38
25.70,-1927.84,-148.22,28872.49,94.36
25.80,-1942.72,-148.79,28868.12,94.34
25.90,-1957.66,-149.36,28863.74,94.32
26.00,-1972.65,-149.93,28859.37,94.30
26.10,-1987.70,-150.49,28855.00,94.28
26.20,-2002.81,-151.06,28850.63,94.25
26.30,-2017.97,-151.63,28846.26,94.23
26.40,-2033.19,-152.19,28841.89,94.21
26.50,-2048.47,-152.76,28837.52,94.19
26.60,-2063.80,-153.33,28833.15,94.17
26.70,-2079.19,-153.89,28828.78,94.14
26.80,-2094.63,-154.46,28824.41,94.12
26.90,-2110.14,-155.02,28820.04,94.10
27.00,-2125.69,-155.59,28815.67,94.08
27.10,-2141.31,-156.16,28811.30,94.06
27.20,-2156.98,-156.72,28806.93,94.03
27.30,-2172.71,-157.29,28802.56,94.01
27.40,-2188.50,-157.86,28798.19,93.99
27.50,-2204.34,-158.42,28793.82,93.97
27.60,-2220.24,-158.99,28789.45,93.95
27.70,-2236.19,-159.55,28785.08,93.93
27.80,-2252.21,-160.12,28780.71,93.90
27.90,-2268.27,-160.68,28776.34,93.88
28.00,-2284.40,-161.25,28771.97,93.86
28.10,-2300.58,-161.82,28767.60,93.84
28.20,-2316.82,-162.38,28763.23,93.82
28.30,-2333.11,-162.95,28758.86,93.79
28.40,-2349.46,-163.51,28754.49,93.77
28.50,-2365.87,-164.08,28750.12,93.75
28.60,-2382.34,-164.64,28745.75,93.73
28.70,-2398.86,-165.21,28741.38,93.71
28.80,-2415.43,-165.77,28737.01,93.69
28.90,-2432.07,-166.34,28732.64,93.66
29.00,-2448.76,-166.90,28728.27,93.64
29.10,-2465.51,-167.47,28723.90,93.62
29.20,-2482.31,-168.03,28719.53,93.60
29.30,-2499.17,-168.60,28715.16,93.58
29.40,-2516.09,-169.16,28710.79,93.55
29.50,-2533.06,-169.73,28706.42,93.53
29.60,-2550.09,-170.29,28702.05,93.51
29.70,-2567.17,-170.86,28697.68,93.49
29.80,-2584.32,-171.42,28693.31,93.47
29.90,-2601.51,-171.99,28688.94,93.44
30.00,-2618.77,-172.55,28684.57,93.42
30.10,-2636.08,-173.12,28680.20,93.40
30.20,-2653.45,-173.68,28675.83,93.38
30.30,-2670.87,-174.25,28671.46,93.36
30.40,-2688.36,-174.81,28667.09,93.34
30.50,-2705.89,-175.37,28662.72,93.31
30.60,-2723.49,-175.94,28658.34,93.29
30.70,-2741.14,-176.50,28653.97,93.27
30.80,-2758.84,-177.07,28649.60,93.25
30.90,-2776.61,-177.63,28645.23,93.23
31.00,-2794.43,-178.19,28640.86,93.20
31.10,-2812.30,-178.76,28636.49,93.18
31.20,-2830.23,-179.32,28632.12,93.16
31.30,-2848.22,-179.89,28627.75,93.14
31.40,-2866.27,-180.45,28623.38,93.12
31.50,-2884.37,-181.01,28619.01,93.10
31.60,-2902.53,-181.58,28614.64,93.07
31.70,-2920.74,-182.14,28610.27,93.05
31.80,-2939.01,-182.70,28605.90,93.03
31.90,-2957.34,-183.27,28601.53,93.01
32.00,-2975.72,-183.83,28597.16,92.99
32.10,-2994.16,-184.39,28592.79,92.96
32.20,-3012.65,-184.96,28588.42,92.94
32.30,-3031.21,-185.52,28584.05,92.92
32.40,-3049.81,-186.08,28579.68,92.90
32.50,-3068.48,-186.65,28575.31,92.88
32.60,-3087.20,-187.21,28570.94,92.85
32.70,-3105.98,-187.77,28566.57,92.83
32.80,-3124.81,-188.33,28562.20,92.81
32.90,-3143.70,-188.90,28557.83,92.79
33.00,-3162.65,-189.46,28553.46,92.77
33.10,-3181.65,-190.02,28549.09,92.75
33.20,-3200.71,-190.59,28544.72,92.72
33.30,-3219.82,-191.15,28540.35,92.70
33.40,-3238.99,-191.71,28535.98,92.68
33.50,-3258.22,-192.27,28531.61,92.66
33.60,-3277.50,-192.84,28527.24,92.64
33.70,-3296.84,-193.40,28522.87,92.61
33.80,-3316.24,-193.96,28518.50,92.59
33.90,-3335.69,-194.52,28514.13,92.57
34.00,-3355.20,-195.08,28509.76,92.55
34.10,-3374.77,-195.65,28505.39,92.53
34.20,-3394.39,-196.21,28501.02,92.51
34.30,-3414.06,-196.77,28496.65,92.48
34.40,-3433.80,-197.33,28492.28,92.46
34.50,-3453.59,-197.89,28487.91,92.44
34.60,-3473.43,-198.46,28483.54,92.42
34.70,-3493.33,-199.02,28479.17,92.40
34.80,-3513.29,-199.58,28474.80,92.37
34.90,-3533.31,-200.14,28470.43,92.35
35.00,-3553.38,-200.70,28466.06,92.33
35.10,-3573.50,-201.26,28461.69,92.31
35.20,-3593.69,-201.83,28457.32,92.29
35.30,-3613.92,-202.39,28452.94,92.26
35.40,-3634.22,-202.95,28448.57,92.24
35.50,-3654.57,-203.51,28444.20,92.22
35.60,-3674.98,-204.07,28439.83,92.20
35.70,-3695.44,-204.63,28435.46,92.18
35.80,-3715.96,-205.19,28431.09,92.16
35.90,-3736.54,-205.76,28426.72,92.13
36.00,-3757.17,-206.32,28422.35,92.11
36.10,-3777.86,-206.88,28417.98,92.09
36.20,-3798.60,-207.44,28413.61,92.07
36.30,-3819.40,-208.00,28409.24,92.05
36.40,-3840.25,-208.56,28404.87,92.02
36.50,-3861.17,-209.12,28400.50,92.00
36.60,-3882.13,-209.68,28396.13,91.98
36.70,-3903.16,-210.24,28391.76,91.96
36.80,-3924.24,-210.80,28387.39,91.94
36.90,-3945.38,-211.36,28383.02,91.92
37.00,-3966.57,-211.92,28378.65,91.89
37.10,-3987.82,-212.48,28374.28,91.87
37.20,-4009.12,-213.04,28369.91,91.85
37.30,-4030.48,-213.60,28365.54,91.83
37.40,-4051.90,-214.16,28361.17,91.81
37.50,-4073.37,-214.72,28356.80,91.78
37.60,-4094.90,-215.28,28352.43,91.76
37.70,-4116.48,-215.84,28348.06,91.74
37.80,-4138.12,-216.40,28343.69,91.72
37.90,-4159.82,-216.96,28339.32,91.70
38.00,-4181.57,-217.52,28334.95,91.67
38.10,-4203.38,-218.08,28330.58,91.65
38.20,-4225.24,-218.64,28326.21,91.63
38.30,-4247.17,-219.20,28321.84,91.61
38.40,-4269.14,-219.76,28317.47,91.59
38.50,-4291.17,-220.32,28313.10,91.57
38.60,-4313.26,-220.88,28308.73,91.54
38.70,-4335.41,-221.44,28304.36,91.52
38.80,-4357.61,-222.00,28299.99,91.50
38.90,-4379.86,-222.56,28295.62,91.48
39.00,-4402.17,-223.12,28291.25,91.46
39.10,-4424.54,-223.68,28286.88,91.43
39.20,-4446.97,-224.24,28282.51,91.41
39.30,-4469.45,-224.80,28278.14,91.39
39.40,-4491.98,-225.36,28273.77,91.37
39.50,-4514.57,-225.91,28269.40,91.35
39.60,-4537.22,-226.47,28265.03,91.33
39.70,-4559.92,-227.03,28260.66,91.30
39.80,-4582.68,-227.59,28256.29,91.28
39.90,-4605.50,-228.15,28251.92,91.26
40.00,-4628.37,-228.71,28247.54,91.24
40.10,-4651.29,-229.27,28243.17,91.22
40.20,-4674.28,-229.83,28238.80,91.19
40.30,-4697.32,-230.38,28234.43,91.17
40.40,-4720.41,-230.94,28230.06,91.15
40.50,-4743.56,-231.50,28225.69,91.13
40.60,-4766.77,-232.06,28221.32,91.11
40.70,-4790.03,-232.62,28216.95,91.08
40.80,-4813.35,-233.18,28212.58,91.06
40.90,-4836.72,-233.73,28208.21,91.04
41.00,-4860.15,-234.29,28203.84,91.02
41.10,-4883.63,-234.85,28199.47,91.00
41.20,-4907.17,-235.41,28195.10,90.98
41.30,-4930.77,-235.97,28190.73,90.95
41.40,-4954.42,-236.52,28186.36,90.93
41.50,-4978.13,-237.08,28181.99,90.91
41.60,-5001.89,-237.64,28177.62,90.89
41.70,-5025.71,-238.20,28173.25,90.87
41.80,-5049.59,-238.75,28168.88,90.84
41.90,-5073.52,-239.31,28164.51,90.82
42.00,-5097.51,-239.87,28160.14,90.80
42.10,-5121.55,-240.43,28155.77,90.78
42.20,-5145.65,-240.98,28151.40,90.76
42.30,-5169.80,-241.54,28147.03,90.74
42.40,-5194.01,-242.10,28142.66,90.71
42.50,-5218.28,-242.66,28138.29,90.69
42.60,-5242.60,-243.21,28133.92,90.67
42.70,-5266.98,-243.77,28129.55,90.65
42.80,-5291.41,-244.33,28125.18,90.63
42.90,-5315.90,-244.88,28120.81,90.60
43.00,-5340.44,-245.44,28116.44,90.58
43.10,-5365.04,-246.00,28112.07,90.56
43.20,-5389.70,-246.56,28107.70,90.54
43.30,-5414.41,-247.11,28103.33,90.52
43.40,-5439.18,-247.67,28098.96,90.49
43.50,-5464.00,-248.23,28094.59,90.47
43.60,-5488.88,-248.78,28090.22,90.45
43.70,-5513.81,-249.34,28085.85,90.43
43.80,-5538.80,-249.89,28081.48,90.41
43.90,-5563.85,-250.45,28077.11,90.39
44.00,-5588.95,-251.01,28072.74,90.36
44.10,-5614.10,-251.56,28068.37,90.34
44.20,-5639.31,-252.12,28064.00,90.32
44.30,-5664.58,-252.68,28059.63,90.30
44.40,-5689.90,-253.23,28055.26,90.28
44.50,-5715.28,-253.79,28050.89,90.25
44.60,-5740.72,-254.34,28046.52,90.23
44.70,-5766.21,-254.90,28042.14,90.21
44.80,-5791.75,-255.46,28037.77,90.19
44.90,-5817.35,-256.01,28033.40,90.17
45.00,-5843.01,-256.57,28029.03,90.15
45.10,-5868.72,-257.12,28024.66,90.12
45.20,-5894.49,-257.68,28020.29,90.10
45.30,-5920.32,-258.23,28015.92,90.08
45.40,-5946.19,-258.79,28011.55,90.06
45.50,-5972.13,-259.34,28007.18,90.04
45.60,-5998.12,-259.90,28002.81,90.01
45.70,-6024.16,-260.46,27998.44,89.99
45.80,-6050.27,-261.01,27994.07,89.97
45.90,-6076.42,-261.57,27989.70,89.95
46.00,-6102.63,-262.12,27985.33,89.93
46.10,-6128.90,-262.68,27980.96,89.90
46.20,-6155.22,-263.23,27976.59,89.88
46.30,-6181.60,-263.79,27972.22,89.86
46.40,-6208.04,-264.34,27967.85,89.84
46.50,-6234.53,-264.90,27963.48,89.82
46.60,-6261.07,-265.45,27959.11,89.80
46.70,-6287.67,-266.01,27954.74,89.77
46.80,-6314.33,-266.56,27950.37,89.75
46.90,-6341.04,-267.11,27946.00,89.73
47.00,-6367.81,-267.67,27941.63,89.71
47.10,-6394.63,-268.22,27937.26,89.69
47.20,-6421.51,-268.78,27932.89,89.66
47.30,-6448.44,-269.33,27928.52,89.64
47.40,-6475.43,-269.89,27924.15,89.62
47.50,-6502.47,-270.44,27919.78,89.60
47.60,-6529.57,-271.00,27915.41,89.58
47.70,-6556.73,-271.55,27911.04,89.56
47.80,-6583.94,-272.10,27906.67,89.53
47.90,-6611.20,-272.66,27902.30,89.51
48.00,-6638.53,-273.21,27897.93,89.49
48.10,-6665.90,-273.77,27893.56,89.47
48.20,-6693.33,-274.32,27889.19,89.45
48.30,-6720.82,-274.87,27884.82,89.42
48.40,-6748.36,-275.43,27880.45,89.40
48.50,-6775.96,-275.98,27876.08,89.38
48.60,-6803.62,-276.53,27871.71,89.36
48.70,-6831.32,-277.09,27867.34,89.34
48.80,-6859.09,-277.64,27862.97,89.31
48.90,-6886.91,-278.19,27858.60,89.29
49.00,-6914.78,-278.75,27854.23,89.27
49.10,-6942.71,-279.30,27849.86,89.25
49.20,-6970.70,-279.85,27845.49,89.23
49.30,-6998.74,-280.41,27841.12,89.21
49.40,-7026.84,-280.96,27836.74,89.18
49.50,-7054.99,-281.51,27832.37,89.16
49.60,-7083.19,-282.07,27828.00,89.14
49.70,-7111.46,-282.62,27823.63,89.12
49.80,-7139.77,-283.17,27819.26,89.10
49.90,-7168.15,-283.73,27814.89,89.07
50.00,-7196.57,-284.28,27810.52,89.05
50.10,-7225.06,-284.83,27806.15,89.03
50.20,-7253.60,-285.38,27801.78,89.01
50.30,-7282.19,-285.94,27797.41,88.99
50.40,-7310.84,-286.49,27793.04,88.97
50.50,-7339.54,-287.04,27788.67,88.94
50.60,-7368.30,-287.59,27784.30,88.92
50.70,-7397.12,-288.15,27779.93,88.90
50.80,-7425.99,-288.70,27775.56,88.88
50.90,-7454.91,-289.25,27771.19,88.86
51.00,-7483.89,-289.80,27766.82,88.83
51.10,-7512.93,-290.36,27762.45,88.81
51.20,-7542.02,-290.91,27758.08,88.79
51.30,-7571.16,-291.46,27753.71,88.77
51.40,-7600.36,-292.01,27749.34,88.75
51.50,-7629.62,-292.56,27744.97,88.72
51.60,-7658.93,-293.12,27740.60,88.70
51.70,-7688.30,-293.67,27736.23,88.68
51.80,-7717.72,-294.22,27731.86,88.66
51.90,-7747.20,-294.77,27727.49,88.64
52.00,-7776.73,-295.32,27723.12,88.62
52.10,-7806.32,-295.87,27718.75,88.59
52.20,-7835.96,-296.43,27714.38,88.57
52.30,-7865.66,-296.98,27710.01,88.55
52.40,-7895.41,-297.53,27705.64,88.53
52.50,-7925.22,-298.08,27701.27,88.51
52.60,-7955.08,-298.63,27696.90,88.48
52.70,-7985.00,-299.18,27692.53,88.46
52.80,-8014.97,-299.73,27688.16,88.44
52.90,-8045.00,-300.28,27683.79,88.42
53.00,-8075.09,-300.83,27679.42,88.40
53.10,-8105.22,-301.39,27675.05,88.38
53.20,-8135.42,-301.94,27670.68,88.35
53.30,-8165.67,-302.49,27666.31,88.33
53.40,-8195.97,-303.04,27661.94,88.31
53.50,-8226.33,-303.59,27657.57,88.29
53.60,-8256.74,-304.14,27653.20,88.27
53.70,-8287.21,-304.69,27648.83,88.24
53.80,-8317.74,-305.24,27644.46,88.22
53.90,-8348.32,-305.79,27640.09,88.20
54.00,-8378.95,-306.34,27635.72,88.18
54.10,-8409.64,-306.89,27631.34,88.16
54.20,-8440.38,-307.44,27626.97,88.13
54.30,-8471.18,-307.99,27622.60,88.11
54.40,-8502.04,-308.54,27618.23,88.09
54.50,-8532.95,-309.09,27613.86,88.07
54.60,-8563.91,-309.64,27609.49,88.05
54.70,-8594.93,-310.19,27605.12,88.03
54.80,-8626.00,-310.74,27600.75,88.00
54.90,-8657.13,-311.29,27596.38,87.98
55.00,-8688.32,-311.84,27592.01,87.96
55.10,-8719.56,-312.39,27587.64,87.94
55.20,-8750.85,-312.94,27583.27,87.92
55.30,-8782.20,-313.49,27578.90,87.89
55.40,-8813.60,-314.04,27574.53,87.87
55.50,-8845.06,-314.59,27570.16,87.85
55.60,-8876.58,-315.14,27565.79,87.83
55.70,-8908.15,-315.69,27561.42,87.81
55.80,-8939.77,-316.24,27557.05,87.79
55.90,-8971.45,-316.79,27552.68,87.76
56.00,-9003.18,-317.34,27548.31,87.74
56.10,-9034.97,-317.89,27543.94,87.72
56.20,-9066.82,-318.44,27539.57,87.70
56.30,-9098.71,-318.99,27535.20,87.68
56.40,-9130.67,-319.53,27530.83,87.65
56.50,-9162.68,-320.08,27526.46,87.63
56.60,-9194.74,-320.63,27522.09,87.61
56.70,-9226.86,-321.18,27517.72,87.59
56.80,-9259.03,-321.73,27513.35,87.57
56.90,-9291.26,-322.28,27508.98,87.54
57.00,-9323.54,-322.83,27504.61,87.52
57.10,-9355.88,-323.38,27500.24,87.50
57.20,-9388.27,-323.92,27495.87,87.48
57.30,-9420.72,-324.47,27491.50,87.46
57.40,-9453.22,-325.02,27487.13,87.44
57.50,-9485.78,-325.57,27482.76,87.41
57.60,-9518.39,-326.12,27478.39,87.39
57.70,-9551.05,-326.67,27474.02,87.37
57.80,-9583.78,-327.21,27469.65,87.35
57.90,-9616.55,-327.76,27465.28,87.33
58.00,-9649.38,-328.31,27460.91,87.30
58.10,-9682.27,-328.86,27456.54,87.28
58.20,-9715.21,-329.41,27452.17,87.26
58.30,-9748.21,-329.95,27447.80,87.24
58.40,-9781.26,-330.50,27443.43,87.22
58.50,-9814.36,-331.05,27439.06,87.20
58.60,-9847.52,-331.60,27434.69,87.17
58.70,-9880.73,-332.14,27430.32,87.15
58.80,-9914.00,-332.69,27425.94,87.13
58.90,-9947.33,-333.24,27421.57,87.11
59.00,-9980.71,-333.79,27417.20,87.09
59.10,-10014.14,-334.33,27412.83,87.06
59.20,-10047.63,-334.88,27408.46,87.04
59.30,-10081.17,-335.43,27404.09,87.02
59.40,-10114.77,-335.98,27399.72,87.00
59.50,-10148.42,-336.52,27395.35,86.98
59.60,-10182.13,-337.07,27390.98,86.95
59.70,-10215.89,-337.62,27386.61,86.93
59.80,-10249.71,-338.17,27382.24,86.91
59.90,-10283.58,-338.71,27377.87,86.89
60.00,-10317.50,-339.26,27373.50,86.87
60.10,-10351.48,-339.81,27369.13,86.85
60.20,-10385.52,-340.35,27364.76,86.82
60.30,-10419.61,-340.90,27360.39,86.80
60.40,-10453.75,-341.45,27356.02,86.78
60.50,-10487.95,-341.99,27351.65,86.76
60.60,-10522.21,-342.54,27347.28,86.74
60.70,-10556.52,-343.09,27342.91,86.71
60.80,-10590.88,-343.63,27338.54,86.69
60.90,-10625.30,-344.18,27334.17,86.67
61.00,-10659.77,-344.72,27329.80,86.65
61.10,-10694.30,-345.27,27325.43,86.63
61.20,-10728.88,-345.82,27321.06,86.61
61.30,-10763.51,-346.36,27316.69,86.58
61.40,-10798.20,-346.91,27312.32,86.56
61.50,-10832.95,-347.45,27307.95,86.54
61.60,-10867.75,-348.00,27303.58,86.52
61.70,-10902.61,-348.55,27299.21,86.50
61.80,-10937.51,-349.09,27294.84,86.47
61.90,-10972.48,-349.64,27290.47,86.45
62.00,-11007.50,-350.18,27286.10,86.43
62.10,-11042.57,-350.73,27281.73,86.41
62.20,-11077.70,-351.27,27277.36,86.39
62.30,-11112.88,-351.82,27272.99,86.36
62.40,-11148.12,-352.37,27268.62,86.34
62.50,-11183.41,-352.91,27264.25,86.32
62.60,-11218.75,-353.46,27259.88,86.30
62.70,-11254.15,-354.00,27255.51,86.28
62.80,-11289.61,-354.55,27251.14,86.26
62.90,-11325.12,-355.09,27246.77,86.23
63.00,-11360.68,-355.64,27242.40,86.21
63.10,-11396.30,-356.18,27238.03,86.19
63.20,-11431.97,-356.73,27233.66,86.17
63.30,-11467.70,-357.27,27229.29,86.15
63.40,-11503.48,-357.82,27224.92,86.12
63.50,-11539.32,-358.36,27220.54,86.10
63.60,-11575.21,-358.91,27216.17,86.08
63.70,-11611.15,-359.45,27211.80,86.06
63.80,-11647.15,-360.00,27207.43,86.04
63.90,-11683.21,-360.54,27203.06,86.02
64.00,-11719.31,-361.08,27198.69,85.99
64.10,-11755.48,-361.63,27194.32,85.97
64.20,-11791.69,-362.17,27189.95,85.95
64.30,-11827.97,-362.72,27185.58,85.93
64.40,-11864.29,-363.26,27181.21,85.91
64.50,-11900.67,-363.81,27176.84,85.88
64.60,-11937.11,-364.35,27172.47,85.86
64.70,-11973.60,-364.89,27168.10,85.84
64.80,-12010.14,-365.44,27163.73,85.82
64.90,-12046.74,-365.98,27159.36,85.80
65.00,-12083.39,-366.53,27154.99,85.77
65.10,-12120.10,-367.07,27150.62,85.75
65.20,-12156.86,-367.61,27146.25,85.73
65.30,-12193.68,-368.16,27141.88,85.71
65.40,-12230.55,-368.70,27137.51,85.69
65.50,-12267.47,-369.24,27133.14,85.67
65.60,-12304.45,-369.79,27128.77,85.64
65.70,-12341.48,-370.33,27124.40,85.62
65.80,-12378.57,-370.88,27120.03,85.60
65.90,-12415.71,-371.42,27115.66,85.58
66.00,-12452.91,-371.96,27111.29,85.56
66.10,-12490.16,-372.50,27106.92,85.53
66.20,-12527.46,-373.05,27102.55,85.51
66.30,-12564.82,-373.59,27098.18,85.49
66.40,-12602.24,-374.13,27093.81,85.47
66.50,-12639.70,-374.68,27089.44,85.45
66.60,-12677.23,-375.22,27085.07,85.43
66.70,-12714.80,-375.76,27080.70,85.40
66.80,-12752.43,-376.31,27076.33,85.38
66.90,-12790.12,-376.85,27071.96,85.36
67.00,-12827.86,-377.39,27067.59,85.34
67.10,-12865.65,-377.93,27063.22,85.32
67.20,-12903.50,-378.48,27058.85,85.29
67.30,-12941.40,-379.02,27054.48,85.27
67.40,-12979.36,-379.56,27050.11,85.25
67.50,-13017.37,-380.10,27045.74,85.23
67.60,-13055.43,-380.65,27041.37,85.21
67.70,-13093.55,-381.19,27037.00,85.18
67.80,-13131.72,-381.73,27032.63,85.16
67.90,-13169.95,-382.27,27028.26,85.14
68.00,-13208.23,-382.81,27023.89,85.12
68.10,-13246.57,-383.36,27019.52,85.10
68.20,-13284.96,-383.90,27015.14,85.08
68.30,-13323.40,-384.44,27010.77,85.05
68.40,-13361.90,-384.98,27006.40,85.03
68.50,-13400.45,-385.52,27002.03,85.01
68.60,-13439.06,-386.07,26997.66,84.99
68.70,-13477.72,-386.61,26993.29,84.97
68.80,-13516.43,-387.15,26988.92,84.94
68.90,-13555.20,-387.69,26984.55,84.92
69.00,-13594.03,-388.23,26980.18,84.90
69.10,-13632.90,-388.77,26975.81,84.88
69.20,-13671.84,-389.32,26971.44,84.86
69.30,-13710.82,-389.86,26967.07,84.84
69.40,-13749.86,-390.40,26962.70,84.81
69.50,-13788.95,-390.94,26958.33,84.79
69.60,-13828.10,-391.48,26953.96,84.77
69.70,-13867.30,-392.02,26949.59,84.75
69.80,-13906.56,-392.56,26945.22,84.73
69.90,-13945.87,-393.10,26940.85,84.70
70.00,-13985.24,-393.64,26936.48,84.68
70.10,-14024.65,-394.18,26932.11,84.66
70.20,-14064.13,-394.73,26927.74,84.64
70.30,-14103.65,-395.27,26923.37,84.62
70.40,-14143.23,-395.81,26919.00,84.60
70.50,-14182.87,-396.35,26914.63,84.57
70.60,-14222.56,-396.89,26910.26,84.55
70.70,-14262.30,-397.43,26905.89,84.53
70.80,-14302.10,-397.97,26901.52,84.51
70.90,-14341.95,-398.51,26897.15,84.49
71.00,-14381.85,-399.05,26892.78,84.46
71.10,-14421.81,-399.59,26888.41,84.44
71.20,-14461.83,-400.13,26884.04,84.42
71.30,-14501.89,-400.67,26879.67,84.40
71.40,-14542.01,-401.21,26875.30,84.38
71.50,-14582.19,-401.75,26870.93,84.35
71.60,-14622.42,-402.29,26866.56,84.33
71.70,-14662.70,-402.83,26862.19,84.31
71.80,-14703.04,-403.37,26857.82,84.29
71.90,-14743.43,-403.91,26853.45,84.27
72.00,-14783.87,-404.45,26849.08,84.25
72.10,-14824.37,-404.99,26844.71,84.22
72.20,-14864.92,-405.53,26840.34,84.20
72.30,-14905.53,-406.07,26835.97,84.18
72.40,-14946.19,-406.61,26831.60,84.16
72.50,-14986.91,-407.15,26827.23,84.14
72.60,-15027.68,-407.69,26822.86,84.11
72.70,-15068.50,-408.23,26818.49,84.09
72.80,-15109.37,-408.76,26814.12,84.07
72.90,-15150.31,-409.30,26809.74,84.05
73.00,-15191.29,-409.84,26805.37,84.03
73.10,-15232.33,-410.38,26801.00,84.01
73.20,-15273.42,-410.92,26796.63,83.98
73.30,-15314.57,-411.46,26792.26,83.96
73.40,-15355.77,-412.00,26787.89,83.94
73.50,-15397.02,-412.54,26783.52,83.92
73.60,-15438.33,-413.08,26779.15,83.90
73.70,-15479.69,-413.61,26774.78,83.87
73.80,-15521.10,-414.15,26770.41,83.85
73.90,-15562.57,-414.69,26766.04,83.83
74.00,-15604.10,-415.23,26761.67,83.81
74.10,-15645.67,-415.77,26757.30,83.79
74.20,-15687.30,-416.31,26752.93,83.76
74.30,-15728.99,-416.85,26748.56,83.74
74.40,-15770.73,-417.38,26744.19,83.72
74.50,-15812.52,-417.92,26739.82,83.70
74.60,-15854.36,-418.46,26735.45,83.68
74.70,-15896.26,-419.00,26731.08,83.66
74.80,-15938.22,-419.54,26726.71,83.63
74.90,-15980.23,-420.07,26722.34,83.61
75.00,-16022.29,-420.61,26717.97,83.59
75.10,-16064.40,-421.15,26713.60,83.57
75.20,-16106.57,-421.69,26709.23,83.55
75.30,-16148.79,-422.23,26704.86,83.52
75.40,-16191.07,-422.76,26700.49,83.50
75.50,-16233.40,-423.30,26696.12,83.48
75.60,-16275.78,-423.84,26691.75,83.46
75.70,-16318.22,-424.38,26687.38,83.44
75.80,-16360.71,-424.91,26683.01,83.42
75.90,-16403.26,-425.45,26678.64,83.39
76.00,-16445.86,-425.99,26674.27,83.37
76.10,-16488.51,-426.52,26669.90,83.35
76.20,-16531.21,-427.06,26665.53,83.33
76.30,-16573.97,-427.60,26661.16,83.31
76.40,-16616.79,-428.14,26656.79,83.28
76.50,-16659.65,-428.67,26652.42,83.26
76.60,-16702.58,-429.21,26648.05,83.24
76.70,-16745.55,-429.75,26643.68,83.22
76.80,-16788.58,-430.28,26639.31,83.20
76.90,-16831.66,-430.82,26634.94,83.17
77.00,-16874.80,-431.36,26630.57,83.15
77.10,-16917.99,-431.89,26626.20,83.13
77.20,-16961.23,-432.43,26621.83,83.11
77.30,-17004.53,-432.97,26617.46,83.09
77.40,-17047.88,-433.50,26613.09,83.07
77.50,-17091.28,-434.04,26608.72,83.04
77.60,-17134.74,-434.58,26604.35,83.02
77.70,-17178.25,-435.11,26599.97,83.00
77.80,-17221.81,-435.65,26595.60,82.98
77.90,-17265.43,-436.18,26591.23,82.96
78.00,-17309.10,-436.72,26586.86,82.93
78.10,-17352.83,-437.26,26582.49,82.91
78.20,-17396.61,-437.79,26578.12,82.89
78.30,-17440.44,-438.33,26573.75,82.87
78.40,-17484.33,-438.86,26569.38,82.85
78.50,-17528.27,-439.40,26565.01,82.83
78.60,-17572.26,-439.94,26560.64,82.80
78.70,-17616.31,-440.47,26556.27,82.78
78.80,-17660.41,-441.01,26551.90,82.76
78.90,-17704.56,-441.54,26547.53,82.74
79.00,-17748.77,-442.08,26543.16,82.72
79.10,-17793.03,-442.61,26538.79,82.69
79.20,-17837.35,-443.15,26534.42,82.67
79.30,-17881.72,-443.68,26530.05,82.65
79.40,-17926.14,-444.22,26525.68,82.63
79.50,-17970.61,-444.75,26521.31,82.61
79.60,-18015.14,-445.29,26516.94,82.58
79.70,-18059.72,-445.82,26512.57,82.56
79.80,-18104.36,-446.36,26508.20,82.54
79.90,-18149.05,-446.89,26503.83,82.52
80.00,-18193.79,-447.43,26499.46,82.50
80.10,-18238.59,-447.96,26495.09,82.48
80.20,-18283.44,-448.50,26490.72,82.45
80.30,-18328.34,-449.03,26486.35,82.43
80.40,-18373.30,-449.57,26481.98,82.41
80.50,-18418.31,-450.10,26477.61,82.39
80.60,-18463.37,-450.64,26473.24,82.37
80.70,-18508.49,-451.17,26468.87,82.34
80.80,-18553.66,-451.71,26464.50,82.32
80.90,-18598.88,-452.24,26460.13,82.30
81.00,-18644.16,-452.77,26455.76,82.28
81.10,-18689.49,-453.31,26451.39,82.26
81.20,-18734.88,-453.84,26447.02,82.24
81.30,-18780.31,-454.38,26442.65,82.21
81.40,-18825.80,-454.91,26438.28,82.19
81.50,-18871.35,-455.44,26433.91,82.17
81.60,-18916.95,-455.98,26429.54,82.15
81.70,-18962.60,-456.51,26425.17,82.13
81.80,-19008.30,-457.05,26420.80,82.10
81.90,-19054.06,-457.58,26416.43,82.08
82.00,-19099.87,-458.11,26412.06,82.06
82.10,-19145.74,-458.65,26407.69,82.04
82.20,-19191.65,-459.18,26403.32,82.02
82.30,-19237.63,-459.71,26398.95,81.99
82.40,-19283.65,-460.25,26394.57,81.97
82.50,-19329.73,-460.78,26390.20,81.95
82.60,-19375.86,-461.31,26385.83,81.93
82.70,-19422.04,-461.85,26381.46,81.91
82.80,-19468.28,-462.38,26377.09,81.89
82.90,-19514.57,-462.91,26372.72,81.86
83.00,-19560.92,-463.45,26368.35,81.84
83.10,-19607.32,-463.98,26363.98,81.82
83.20,-19653.77,-464.51,26359.61,81.80
83.30,-19700.27,-465.04,26355.24,81.78
83.40,-19746.83,-465.58,26350.87,81.75
83.50,-19793.44,-466.11,26346.50,81.73
83.60,-19840.11,-466.64,26342.13,81.71
83.70,-19886.82,-467.18,26337.76,81.69
83.80,-19933.59,-467.71,26333.39,81.67
83.90,-19980.42,-468.24,26329.02,81.65
84.00,-20027.29,-468.77,26324.65,81.62
84.10,-20074.23,-469.31,26320.28,81.60
84.20,-20121.21,-469.84,26315.91,81.58
84.30,-20168.25,-470.37,26311.54,81.56
84.40,-20215.34,-470.90,26307.17,81.54
84.50,-20262.48,-471.43,26302.80,81.51
84.60,-20309.68,-471.97,26298.43,81.49
84.70,-20356.93,-472.50,26294.06,81.47
84.80,-20404.23,-473.03,26289.69,81.45
84.90,-20451.59,-473.56,26285.32,81.43
85.00,-20498.99,-474.09,26280.95,81.40
85.10,-20546.46,-474.63,26276.58,81.38
85.20,-20593.97,-475.16,26272.21,81.36
85.30,-20641.54,-475.69,26267.84,81.34
85.40,-20689.16,-476.22,26263.47,81.32
85.50,-20736.84,-476.75,26259.10,81.30
85.60,-20784.57,-477.28,26254.73,81.27
85.70,-20832.35,-477.81,26250.36,81.25
85.80,-20880.18,-478.35,26245.99,81.23
85.90,-20928.07,-478.88,26241.62,81.21
86.00,-20976.01,-479.41,26237.25,81.19
86.10,-21024.01,-479.94,26232.88,81.16
86.20,-21072.05,-480.47,26228.51,81.14
86.30,-21120.15,-481.00,26224.14,81.12
86.40,-21168.31,-481.53,26219.77,81.10
86.50,-21216.51,-482.06,26215.40,81.08
86.60,-21264.77,-482.59,26211.03,81.06
86.70,-21313.08,-483.12,26206.66,81.03
86.80,-21361.45,-483.66,26202.29,81.01
86.90,-21409.87,-484.19,26197.92,80.99
87.00,-21458.34,-484.72,26193.55,80.97
87.10,-21506.87,-485.25,26189.17,80.95
87.20,-21555.44,-485.78,26184.80,80.92
87.30,-21604.07,-486.31,26180.43,80.90
87.40,-21652.76,-486.84,26176.06,80.88
87.50,-21701.49,-487.37,26171.69,80.86
87.60,-21750.28,-487.90,26167.32,80.84
87.70,-21799.13,-488.43,26162.95,80.81
87.80,-21848.02,-488.96,26158.58,80.79
87.90,-21896.97,-489.49,26154.21,80.77
88.00,-21945.97,-490.02,26149.84,80.75
88.10,-21995.03,-490.55,26145.47,80.73
88.20,-22044.14,-491.08,26141.10,80.71
88.30,-22093.30,-491.61,26136.73,80.68
88.40,-22142.51,-492.14,26132.36,80.66
88.50,-22191.78,-492.67,26127.99,80.64
88.60,-22241.10,-493.20,26123.62,80.62
88.70,-22290.47,-493.73,26119.25,80.60
88.80,-22339.90,-494.26,26114.88,80.57
88.90,-22389.38,-494.79,26110.51,80.55
89.00,-22438.91,-495.32,26106.14,80.53
89.10,-22488.49,-495.84,26101.77,80.51
89.20,-22538.13,-496.37,26097.40,80.49
89.30,-22587.82,-496.90,26093.03,80.47
89.40,-22637.56,-497.43,26088.66,80.44
89.50,-22687.36,-497.96,26084.29,80.42
89.60,-22737.21,-498.49,26079.92,80.40
89.70,-22787.11,-499.02,26075.55,80.38
89.80,-22837.06,-499.55,26071.18,80.36
89.90,-22887.07,-500.08,26066.81,80.33
90.00,-22937.13,-500.61,26062.44,80.31
90.10,-22987.25,-501.13,26058.07,80.29
90.20,-23037.41,-501.66,26053.70,80.27
90.30,-23087.63,-502.19,26049.33,80.25
90.40,-23137.90,-502.72,26044.96,80.22
90.50,-23188.23,-503.25,26040.59,80.20
90.60,-23238.61,-503.78,26036.22,80.18
90.70,-23289.04,-504.31,26031.85,80.16
90.80,-23339.52,-504.83,26027.48,80.14
90.90,-23390.06,-505.36,26023.11,80.12
91.00,-23440.65,-505.89,26018.74,80.09
91.10,-23491.29,-506.42,26014.37,80.07
91.20,-23541.98,-506.95,26010.00,80.05
91.30,-23592.73,-507.47,26005.63,80.03
91.40,-23643.53,-508.00,26001.26,80.01
91.50,-23694.38,-508.53,25996.89,79.98
91.60,-23745.29,-509.06,25992.52,79.96
91.70,-23796.25,-509.58,25988.15,79.94
91.80,-23847.26,-510.11,25983.77,79.92
91.90,-23898.32,-510.64,25979.40,79.90
92.00,-23949.44,-511.17,25975.03,79.88
92.10,-24000.61,-511.69,25970.66,79.85
92.20,-24051.83,-512.22,25966.29,79.83
92.30,-24103.10,-512.75,25961.92,79.81
92.40,-24154.43,-513.28,25957.55,79.79
92.50,-24205.81,-513.80,25953.18,79.77
92.60,-24257.25,-514.33,25948.81,79.74
92.70,-24308.73,-514.86,25944.44,79.72
92.80,-24360.27,-515.39,25940.07,79.70
92.90,-24411.86,-515.91,25935.70,79.68
93.00,-24463.51,-516.44,25931.33,79.66
93.10,-24515.20,-516.97,25926.96,79.63
93.20,-24566.95,-517.49,25922.59,79.61
93.30,-24618.75,-518.02,25918.22,79.59
93.40,-24670.61,-518.55,25913.85,79.57
93.50,-24722.52,-519.07,25909.48,79.55
93.60,-24774.48,-519.60,25905.11,79.53
93.70,-24826.49,-520.13,25900.74,79.50
93.80,-24878.55,-520.65,25896.37,79.48
93.90,-24930.67,-521.18,25892.00,79.46
94.00,-24982.84,-521.70,25887.63,79.44
94.10,-25035.06,-522.23,25883.26,79.42
94.20,-25087.34,-522.76,25878.89,79.39
94.30,-25139.67,-523.28,25874.52,79.37
94.40,-25192.05,-523.81,25870.15,79.35
94.50,-25244.48,-524.33,25865.78,79.33
94.60,-25296.97,-524.86,25861.41,79.31
94.70,-25349.51,-525.39,25857.04,79.29
94.80,-25402.10,-525.91,25852.67,79.26
94.90,-25454.74,-526.44,25848.30,79.24
95.00,-25507.44,-526.96,25843.93,79.22
95.10,-25560.19,-527.49,25839.56,79.20
95.20,-25612.99,-528.01,25835.19,79.18
95.30,-25665.84,-528.54,25830.82,79.15
95.40,-25718.75,-529.07,25826.45,79.13
95.50,-25771.71,-529.59,25822.08,79.11
95.60,-25824.72,-530.12,25817.71,79.09
95.70,-25877.78,-530.64,25813.34,79.07
95.80,-25930.90,-531.17,25808.97,79.04
95.90,-25984.07,-531.69,25804.60,79.02
96.00,-26037.29,-532.22,25800.23,79.00
96.10,-26090.57,-532.74,25795.86,78.98
96.20,-26143.89,-533.27,25791.49,78.96
96.30,-26197.27,-533.79,25787.12,78.94
96.40,-26250.70,-534.32,25782.75,78.91
96.50,-26304.19,-534.84,25778.37,78.89
96.60,-26357.72,-535.37,25774.00,78.87
96.70,-26411.31,-535.89,25769.63,78.85
96.80,-26464.96,-536.41,25765.26,78.83
96.90,-26518.65,-536.94,25760.89,78.80
97.00,-26572.40,-537.46,25756.52,78.78
97.10,-26626.19,-537.99,25752.15,78.76
97.20,-26680.05,-538.51,25747.78,78.74
97.30,-26733.95,-539.04,25743.41,78.72
97.40,-26787.91,-539.56,25739.04,78.70
97.50,-26841.91,-540.08,25734.67,78.67
97.60,-26895.97,-540.61,25730.30,78.65
97.70,-26950.09,-541.13,25725.93,78.63
97.80,-27004.25,-541.66,25721.56,78.61
97.90,-27058.47,-542.18,25717.19,78.59
98.00,-27112.74,-542.70,25712.82,78.56
98.10,-27167.06,-543.23,25708.45,78.54
98.20,-27221.44,-543.75,25704.08,78.52
98.30,-27275.87,-544.28,25699.71,78.50
98.40,-27330.35,-544.80,25695.34,78.48
98.50,-27384.88,-545.32,25690.97,78.45
98.60,-27439.46,-545.85,25686.60,78.43
98.70,-27494.10,-546.37,25682.23,78.41
98.80,-27548.79,-546.89,25677.86,78.39
98.90,-27603.53,-547.42,25673.49,78.37
99.00,-27658.33,-547.94,25669.12,78.35
99.10,-27713.17,-548.46,25664.75,78.32
99.20,-27768.07,-548.98,25660.38,78.30
99.30,-27823.02,-549.51,25656.01,78.28
99.40,-27878.02,-550.03,25651.64,78.26
99.50,-27933.08,-550.55,25647.27,78.24
99.60,-27988.19,-551.08,25642.90,78.21
99.70,-28043.35,-551.60,25638.53,78.19
99.80,-28098.56,-552.12,25634.16,78.17
99.90,-28153.82,-552.64,25629.79,78.15
100.00,-28209.14,-553.17,25625.42,78.13
100.10,-28264.51,-553.69,25621.05,78.11
100.20,-28319.93,-554.21,25616.68,78.08
100.30,-28375.40,-554.73,25612.31,78.06
100.40,-28430.93,-555.26,25607.94,78.04
100.50,-28486.51,-555.78,25603.57,78.02
100.60,-28542.14,-556.30,25599.20,78.00
100.70,-28597.82,-556.82,25594.83,77.97
100.80,-28653.55,-557.34,25590.46,77.95
100.90,-28709.34,-557.87,25586.09,77.93
101.00,-28765.18,-558.39,25581.72,77.91
101.10,-28821.07,-558.91,25577.35,77.89
101.20,-28877.01,-559.43,25572.97,77.86
101.30,-28933.01,-559.95,25568.60,77.84
101.40,-28989.06,-560.48,25564.23,77.82
101.50,-29045.16,-561.00,25559.86,77.80
101.60,-29101.31,-561.52,25555.49,77.78
101.70,-29157.51,-562.04,25551.12,77.76
101.80,-29213.77,-562.56,25546.75,77.73
101.90,-29270.08,-563.08,25542.38,77.71
102.00,-29326.44,-563.60,25538.01,77.69
102.10,-29382.85,-564.13,25533.64,77.67
102.20,-29439.31,-564.65,25529.27,77.65
102.30,-29495.83,-565.17,25524.90,77.62
102.40,-29552.40,-565.69,25520.53,77.60
102.50,-29609.02,-566.21,25516.16,77.58
102.60,-29665.69,-566.73,25511.79,77.56
102.70,-29722.42,-567.25,25507.42,77.54
102.80,-29779.20,-567.77,25503.05,77.52
102.90,-29836.03,-568.29,25498.68,77.49
103.00,-29892.91,-568.81,25494.31,77.47
103.10,-29949.84,-569.33,25489.94,77.45
103.20,-30006.83,-569.85,25485.57,77.43
103.30,-30063.86,-570.37,25481.20,77.41
103.40,-30120.95,-570.90,25476.83,77.38
103.50,-30178.09,-571.42,25472.46,77.36
103.60,-30235.29,-571.94,25468.09,77.34
103.70,-30292.53,-572.46,25463.72,77.32
103.80,-30349.83,-572.98,25459.35,77.30
103.90,-30407.18,-573.50,25454.98,77.27
104.00,-30464.58,-574.02,25450.61,77.25
104.10,-30522.04,-574.54,25446.24,77.23
104.20,-30579.54,-575.06,25441.87,77.21
104.30,-30637.10,-575.58,25437.50,77.19
104.40,-30694.71,-576.10,25433.13,77.17
104.50,-30752.37,-576.62,25428.76,77.14
104.60,-30810.08,-577.14,25424.39,77.12
104.70,-30867.85,-577.65,25420.02,77.10
104.80,-30925.67,-578.17,25415.65,77.08
104.90,-30983.54,-578.69,25411.28,77.06
105.00,-31041.46,-579.21,25406.91,77.03
105.10,-31099.43,-579.73,25402.54,77.01
105.20,-31157.46,-580.25,25398.17,76.99
105.30,-31215.53,-580.77,25393.80,76.97
105.40,-31273.66,-581.29,25389.43,76.95
105.50,-31331.84,-581.81,25385.06,76.93
105.60,-31390.08,-582.33,25380.69,76.90
105.70,-31448.36,-582.85,25376.32,76.88
105.80,-31506.70,-583.37,25371.95,76.86
105.90,-31565.09,-583.88,25367.57,76.84
106.00,-31623.53,-584.40,25363.20,76.82
106.10,-31682.02,-584.92,25358.83,76.79
106.20,-31740.56,-585.44,25354.46,76.77
106.30,-31799.16,-585.96,25350.09,76.75
106.40,-31857.81,-586.48,25345.72,76.73
106.50,-31916.51,-587.00,25341.35,76.71
106.60,-31975.26,-587.51,25336.98,76.68
106.70,-32034.06,-588.03,25332.61,76.66
106.80,-32092.91,-588.55,25328.24,76.64
106.90,-32151.82,-589.07,25323.87,76.62
107.00,-32210.78,-589.59,25319.50,76.60
107.10,-32269.79,-590.11,25315.13,76.58
107.20,-32328.85,-590.62,25310.76,76.55
107.30,-32387.97,-591.14,25306.39,76.53
107.40,-32447.13,-591.66,25302.02,76.51
107.50,-32506.35,-592.18,25297.65,76.49
107.60,-32565.62,-592.69,25293.28,76.47
107.70,-32624.94,-593.21,25288.91,76.44
107.80,-32684.32,-593.73,25284.54,76.42
107.90,-32743.74,-594.25,25280.17,76.40
108.00,-32803.22,-594.77,25275.80,76.38
108.10,-32862.74,-595.28,25271.43,76.36
108.20,-32922.32,-595.80,25267.06,76.34
108.30,-32981.96,-596.32,25262.69,76.31
108.40,-33041.64,-596.83,25258.32,76.29
108.50,-33101.38,-597.35,25253.95,76.27
108.60,-33161.16,-597.87,25249.58,76.25
108.70,-33221.00,-598.39,25245.21,76.23
108.80,-33280.89,-598.90,25240.84,76.20
108.90,-33340.83,-599.42,25236.47,76.18
109.00,-33400.83,-599.94,25232.10,76.16
109.10,-33460.87,-600.45,25227.73,76.14
109.20,-33520.97,-600.97,25223.36,76.12
109.30,-33581.12,-601.49,25218.99,76.09
109.40,-33641.32,-602.00,25214.62,76.07
109.50,-33701.57,-602.52,25210.25,76.05
109.60,-33761.87,-603.04,25205.88,76.03
109.70,-33822.23,-603.55,25201.51,76.01
109.80,-33882.64,-604.07,25197.14,75.99
109.90,-33943.09,-604.59,25192.77,75.96
110.00,-34003.60,-605.10,25188.40,75.94
110.10,-34064.17,-605.62,25184.03,75.92
110.20,-34124.78,-606.13,25179.66,75.90
110.30,-34185.44,-606.65,25175.29,75.88
110.40,-34246.16,-607.17,25170.92,75.85
110.50,-34306.93,-607.68,25166.55,75.83
110.60,-34367.75,-608.20,25162.17,75.81
110.70,-34428.62,-608.71,25157.80,75.79
110.80,-34489.54,-609.23,25153.43,75.77
110.90,-34550.52,-609.74,25149.06,75.75
111.00,-34611.54,-610.26,25144.69,75.72
111.10,-34672.62,-610.78,25140.32,75.70
111.20,-34733.75,-611.29,25135.95,75.68
111.30,-34794.93,-611.81,25131.58,75.66
111.40,-34856.16,-612.32,25127.21,75.64
111.50,-34917.45,-612.84,25122.84,75.61
111.60,-34978.78,-613.35,25118.47,75.59
111.70,-35040.17,-613.87,25114.10,75.57
111.80,-35101.61,-614.38,25109.73,75.55
111.90,-35163.10,-614.90,25105.36,75.53
112.00,-35224.64,-615.41,25100.99,75.50
112.10,-35286.23,-615.93,25096.62,75.48
112.20,-35347.88,-616.44,25092.25,75.46
112.30,-35409.57,-616.96,25087.88,75.44
112.40,-35471.32,-617.47,25083.51,75.42
112.50,-35533.12,-617.99,25079.14,75.40
112.60,-35594.97,-618.50,25074.77,75.37
112.70,-35656.87,-619.02,25070.40,75.35
112.80,-35718.82,-619.53,25066.03,75.33
112.90,-35780.83,-620.04,25061.66,75.31
113.00,-35842.88,-620.56,25057.29,75.29
113.10,-35904.99,-621.07,25052.92,75.26
113.20,-35967.15,-621.59,25048.55,75.24
113.30,-36029.36,-622.10,25044.18,75.22
113.40,-36091.62,-622.62,25039.81,75.20
113.50,-36153.93,-623.13,25035.44,75.18
113.60,-36216.30,-623.64,25031.07,75.16
113.70,-36278.71,-624.16,25026.70,75.13
113.80,-36341.18,-624.67,25022.33,75.11
113.90,-36403.70,-625.18,25017.96,75.09
114.00,-36466.27,-625.70,25013.59,75.07
114.10,-36528.89,-626.21,25009.22,75.05
114.20,-36591.56,-626.73,25004.85,75.02
114.30,-36654.29,-627.24,25000.48,75.00
114.40,-36717.06,-627.75,24996.11,74.98
114.50,-36779.89,-628.27,24991.74,74.96
114.60,-36842.77,-628.78,24987.37,74.94
114.70,-36905.69,-629.29,24983.00,74.91
114.80,-36968.68,-629.81,24978.63,74.89
114.90,-37031.71,-630.32,24974.26,74.87
115.00,-37094.79,-630.83,24969.89,74.85
115.10,-37157.92,-631.34,24965.52,74.83
115.20,-37221.11,-631.86,24961.15,74.81
115.30,-37284.35,-632.37,24956.77,74.78
115.40,-37347.64,-632.88,24952.40,74.76
115.50,-37410.98,-633.40,24948.03,74.74
115.60,-37474.37,-633.91,24943.66,74.72
115.70,-37537.81,-634.42,24939.29,74.70
115.80,-37601.30,-634.93,24934.92,74.67
115.90,-37664.85,-635.45,24930.55,74.65
116.00,-37728.44,-635.96,24926.18,74.63
116.10,-37792.09,-636.47,24921.81,74.61
116.20,-37855.79,-636.98,24917.44,74.59
116.30,-37919.54,-637.49,24913.07,74.57
116.40,-37983.34,-638.01,24908.70,74.54
116.50,-38047.19,-638.52,24904.33,74.52
116.60,-38111.09,-639.03,24899.96,74.50
116.70,-38175.05,-639.54,24895.59,74.48
116.80,-38239.05,-640.05,24891.22,74.46
116.90,-38303.11,-640.57,24886.85,74.43
117.00,-38367.22,-641.08,24882.48,74.41
117.10,-38431.38,-641.59,24878.11,74.39
117.20,-38495.59,-642.10,24873.74,74.37
117.30,-38559.85,-642.61,24869.37,74.35
117.40,-38624.16,-643.12,24865.00,74.33
117.50,-38688.52,-643.64,24860.63,74.30
117.60,-38752.94,-644.15,24856.26,74.28
117.70,-38817.40,-644.66,24851.89,74.26
117.80,-38881.92,-645.17,24847.52,74.24
117.90,-38946.49,-645.68,24843.15,74.22
118.00,-39011.11,-646.19,24838.78,74.19
118.10,-39075.78,-646.70,24834.41,74.17
118.20,-39140.50,-647.21,24830.04,74.15
118.30,-39205.27,-647.72,24825.67,74.13
118.40,-39270.10,-648.24,24821.30,74.11
118.50,-39334.97,-648.75,24816.93,74.08
118.60,-39399.90,-649.26,24812.56,74.06
118.70,-39464.87,-649.77,24808.19,74.04
118.80,-39529.90,-650.28,24803.82,74.02
118.90,-39594.98,-650.79,24799.45,74.00
119.00,-39660.11,-651.30,24795.08,73.98
119.10,-39725.29,-651.81,24790.71,73.95
119.20,-39790.52,-652.32,24786.34,73.93
119.30,-39855.80,-652.83,24781.97,73.91
119.40,-39921.14,-653.34,24777.60,73.89
119.50,-39986.52,-653.85,24773.23,73.87
119.60,-40051.96,-654.36,24768.86,73.84
119.70,-40117.45,-654.87,24764.49,73.82
119.80,-40182.98,-655.38,24760.12,73.80
119.90,-40248.57,-655.89,24755.75,73.78
120.00,-40314.21,-656.40,24751.37,73.76
